Sample,Trigger,face_recognition_inst/image_skin_select_inst/i_g_original[1][7:0],face_recognition_inst/image_skin_select_inst/o_r[0][7:0],face_recognition_inst/image_skin_select_inst/h_cnt[10:0],face_recognition_inst/image_skin_select_inst/v_cnt[10:0],face_recognition_inst/image_skin_select_inst/i_last,face_recognition_inst/image_skin_select_inst/i_user,face_recognition_inst/image_skin_select_inst/i_valid,face_recognition_inst/image_skin_select_inst/o_last,face_recognition_inst/image_skin_select_inst/o_user,face_recognition_inst/image_skin_select_inst/o_valid
0,0,47,47,0,0,0,0,0,0,0,0
1,0,47,47,0,0,0,0,0,0,0,0
2,0,47,47,0,0,0,0,0,0,0,0
3,0,47,47,0,0,0,0,0,0,0,0
4,0,47,47,0,0,0,0,0,0,0,0
5,0,47,47,0,0,0,0,0,0,0,0
6,0,47,47,0,0,0,0,0,0,0,0
7,0,47,47,0,0,0,0,0,0,0,0
8,0,47,47,0,0,0,0,0,0,0,0
9,0,47,47,0,0,0,0,0,0,0,0
10,0,47,47,0,0,0,0,0,0,0,0
11,0,47,47,0,0,0,0,0,0,0,0
12,0,47,47,0,0,0,0,0,0,0,0
13,0,47,47,0,0,0,0,0,0,0,0
14,0,47,47,0,0,0,0,0,0,0,0
15,0,47,47,0,0,0,0,0,0,0,0
16,0,47,47,0,0,0,0,0,0,0,0
17,0,47,47,0,0,0,0,0,0,0,0
18,0,47,47,0,0,0,0,0,0,0,0
19,0,47,47,0,0,0,0,0,0,0,0
20,0,47,47,0,0,0,0,0,0,0,0
21,0,47,47,0,0,0,0,0,0,0,0
22,0,47,47,0,0,0,0,0,0,0,0
23,0,47,47,0,0,0,0,0,0,0,0
24,0,47,47,0,0,0,0,0,0,0,0
25,0,47,47,0,0,0,0,0,0,0,0
26,0,47,47,0,0,0,0,0,0,0,0
27,0,47,47,0,0,0,0,0,0,0,0
28,0,47,47,0,0,0,0,0,0,0,0
29,0,47,47,0,0,0,0,0,0,0,0
30,0,47,47,0,0,0,0,0,0,0,0
31,0,47,47,0,0,0,0,0,0,0,0
32,0,47,47,0,0,0,0,0,0,0,0
33,0,47,47,0,0,0,0,0,0,0,0
34,0,47,47,0,0,0,0,0,0,0,0
35,0,47,47,0,0,0,0,0,0,0,0
36,0,47,47,0,0,0,0,0,0,0,0
37,0,47,47,0,0,0,0,0,0,0,0
38,0,47,47,0,0,0,0,0,0,0,0
39,0,47,47,0,0,0,0,0,0,0,0
40,0,47,47,0,0,0,0,0,0,0,0
41,0,47,47,0,0,0,0,0,0,0,0
42,0,47,47,0,0,0,0,0,0,0,0
43,0,47,47,0,0,0,0,0,0,0,0
44,0,47,47,0,0,0,0,0,0,0,0
45,0,47,47,0,0,0,0,0,0,0,0
46,0,47,47,0,0,0,0,0,0,0,0
47,0,47,47,0,0,0,0,0,0,0,0
48,0,47,47,0,0,0,0,0,0,0,0
49,0,47,47,0,0,0,0,0,0,0,0
50,0,47,47,0,0,0,0,0,0,0,0
51,0,47,47,0,0,0,0,0,0,0,0
52,0,47,47,0,0,0,0,0,0,0,0
53,0,47,47,0,0,0,0,0,0,0,0
54,0,47,47,0,0,0,0,0,0,0,0
55,0,47,47,0,0,0,0,0,0,0,0
56,0,47,47,0,0,0,0,0,0,0,0
57,0,47,47,0,0,0,0,0,0,0,0
58,0,47,47,0,0,0,0,0,0,0,0
59,0,47,47,0,0,0,0,0,0,0,0
60,0,47,47,0,0,0,0,0,0,0,0
61,0,47,47,0,0,0,0,0,0,0,0
62,0,47,47,0,0,0,0,0,0,0,0
63,0,47,47,0,0,0,0,0,0,0,0
64,0,47,47,0,0,0,0,0,0,0,0
65,0,47,47,0,0,0,0,0,0,0,0
66,0,47,47,0,0,0,0,0,0,0,0
67,0,47,47,0,0,0,0,0,0,0,0
68,0,47,47,0,0,0,0,0,0,0,0
69,0,47,47,0,0,0,0,0,0,0,0
70,0,47,47,0,0,0,0,0,0,0,0
71,0,47,47,0,0,0,0,0,0,0,0
72,0,47,47,0,0,0,0,0,0,0,0
73,0,47,47,0,0,0,0,0,0,0,0
74,0,47,47,0,0,0,0,0,0,0,0
75,0,47,47,0,0,0,0,0,0,0,0
76,0,47,47,0,0,0,0,0,0,0,0
77,0,47,47,0,0,0,0,0,0,0,0
78,0,47,47,0,0,0,0,0,0,0,0
79,0,47,47,0,0,0,0,0,0,0,0
80,0,47,47,0,0,0,0,0,0,0,0
81,0,47,47,0,0,0,0,0,0,0,0
82,0,47,47,0,0,0,0,0,0,0,0
83,0,47,47,0,0,0,0,0,0,0,0
84,0,47,47,0,0,0,0,0,0,0,0
85,0,47,47,0,0,0,0,0,0,0,0
86,0,47,47,0,0,0,0,0,0,0,0
87,0,47,47,0,0,0,0,0,0,0,0
88,0,47,47,0,0,0,0,0,0,0,0
89,0,47,47,0,0,0,0,0,0,0,0
90,0,47,47,0,0,0,0,0,0,0,0
91,0,47,47,0,0,0,0,0,0,0,0
92,0,47,47,0,0,0,0,0,0,0,0
93,0,47,47,0,0,0,0,0,0,0,0
94,0,47,47,0,0,0,0,0,0,0,0
95,0,47,47,0,0,0,0,0,0,0,0
96,0,47,47,0,0,0,0,0,0,0,0
97,0,47,47,0,0,0,0,0,0,0,0
98,0,47,47,0,0,0,0,0,0,0,0
99,0,47,47,0,0,0,0,0,0,0,0
100,0,47,47,0,0,0,0,0,0,0,0
101,0,47,47,0,0,0,0,0,0,0,0
102,0,47,47,0,0,0,0,0,0,0,0
103,0,47,47,0,0,0,0,0,0,0,0
104,0,47,47,0,0,0,0,0,0,0,0
105,0,47,47,0,0,0,0,0,0,0,0
106,0,47,47,0,0,0,0,0,0,0,0
107,0,47,47,0,0,0,0,0,0,0,0
108,0,47,47,0,0,0,0,0,0,0,0
109,0,47,47,0,0,0,0,0,0,0,0
110,0,47,47,0,0,0,0,0,0,0,0
111,0,47,47,0,0,0,0,0,0,0,0
112,0,47,47,0,0,0,0,0,0,0,0
113,0,47,47,0,0,0,0,0,0,0,0
114,0,00,47,0,0,0,0,0,0,0,0
115,0,24,47,0,0,0,0,0,0,0,0
116,0,24,47,0,0,0,0,0,0,0,0
117,0,23,47,0,0,0,0,0,0,0,0
118,0,23,47,0,0,0,0,0,0,0,0
119,0,24,47,0,0,0,0,0,0,0,0
120,0,24,47,0,0,0,0,0,0,0,0
121,0,24,47,0,0,0,0,0,0,0,0
122,0,24,47,0,0,0,0,0,0,0,0
123,0,24,47,0,0,0,0,0,0,0,0
124,0,24,47,0,0,0,1,1,0,0,0
125,0,24,36,0,0,0,0,1,0,0,0
126,0,24,3E,4,0,0,0,1,0,0,0
127,1,27,36,8,0,0,0,1,0,1,1
128,0,27,3F,12,0,0,0,1,0,0,1
129,0,27,3E,16,0,0,0,1,0,0,1
130,0,27,46,20,0,0,0,1,0,0,1
131,0,27,3E,24,0,0,0,1,0,0,1
132,0,2B,46,28,0,0,0,1,0,0,1
133,0,27,3E,32,0,0,0,1,0,0,1
134,0,24,3E,36,0,0,0,1,0,0,1
135,0,27,3E,40,0,0,0,1,0,0,1
136,0,2B,3E,44,0,0,0,1,0,0,1
137,0,27,36,48,0,0,0,1,0,0,1
138,0,27,3E,52,0,0,0,1,0,0,1
139,0,2B,3E,56,0,0,0,1,0,0,1
140,0,2B,3E,60,0,0,0,1,0,0,1
141,0,2B,3E,64,0,0,0,1,0,0,1
142,0,27,45,68,0,0,0,1,0,0,1
143,0,27,3E,72,0,0,0,1,0,0,1
144,0,27,3E,76,0,0,0,1,0,0,1
145,0,2B,35,80,0,0,0,1,0,0,1
146,0,27,46,84,0,0,0,1,0,0,1
147,0,27,3E,88,0,0,0,1,0,0,1
148,0,27,3E,92,0,0,0,1,0,0,1
149,0,2B,3E,96,0,0,0,1,0,0,1
150,0,2C,3E,100,0,0,0,1,0,0,1
151,0,2B,35,104,0,0,0,1,0,0,1
152,0,27,3E,108,0,0,0,1,0,0,1
153,0,2B,3E,112,0,0,0,1,0,0,1
154,0,2C,3E,116,0,0,0,1,0,0,1
155,0,27,3E,120,0,0,0,1,0,0,1
156,0,2B,45,124,0,0,0,1,0,0,1
157,0,2A,3E,128,0,0,0,1,0,0,1
158,0,27,4A,132,0,0,0,1,0,0,1
159,0,27,3E,136,0,0,0,1,0,0,1
160,0,2B,46,140,0,0,0,1,0,0,1
161,0,2B,3E,144,0,0,0,1,0,0,1
162,0,27,45,148,0,0,0,1,0,0,1
163,0,2B,3E,152,0,0,0,1,0,0,1
164,0,2A,3E,156,0,0,0,1,0,0,1
165,0,2D,45,160,0,0,0,1,0,0,1
166,0,2B,3E,164,0,0,0,1,0,0,1
167,0,2B,45,168,0,0,0,1,0,0,1
168,0,28,45,172,0,0,0,1,0,0,1
169,0,2B,36,176,0,0,0,1,0,0,1
170,0,2B,3E,180,0,0,0,1,0,0,1
171,0,2F,3E,184,0,0,0,1,0,0,1
172,0,2B,35,188,0,0,0,1,0,0,1
173,0,2B,45,192,0,0,0,1,0,0,1
174,0,2B,3E,196,0,0,0,1,0,0,1
175,0,2B,3E,200,0,0,0,1,0,0,1
176,0,2B,3E,204,0,0,0,1,0,0,1
177,0,2D,3E,208,0,0,0,1,0,0,1
178,0,2C,3E,212,0,0,0,1,0,0,1
179,0,30,4A,216,0,0,0,1,0,0,1
180,0,30,45,220,0,0,0,1,0,0,1
181,0,2D,4A,224,0,0,0,1,0,0,1
182,0,2D,3E,228,0,0,0,1,0,0,1
183,0,2D,3E,232,0,0,0,1,0,0,1
184,0,2B,3E,236,0,0,0,1,0,0,1
185,0,2D,3E,240,0,0,0,1,0,0,1
186,0,2B,3E,244,0,0,0,1,0,0,1
187,0,2D,45,248,0,0,0,1,0,0,1
188,0,2D,45,252,0,0,0,1,0,0,1
189,0,2D,45,256,0,0,0,1,0,0,1
190,0,2D,3E,260,0,0,0,1,0,0,1
191,0,2D,3E,264,0,0,0,1,0,0,1
192,0,2C,44,268,0,0,0,1,0,0,1
193,0,2B,4A,272,0,0,0,1,0,0,1
194,0,2C,45,276,0,0,0,1,0,0,1
195,0,2C,4A,280,0,0,0,1,0,0,1
196,0,2D,45,284,0,0,0,1,0,0,1
197,0,2C,3E,288,0,0,0,1,0,0,1
198,0,2D,3E,292,0,0,0,1,0,0,1
199,0,30,3E,296,0,0,0,1,0,0,1
200,0,2C,44,300,0,0,0,1,0,0,1
201,0,2C,44,304,0,0,0,1,0,0,1
202,0,2C,44,308,0,0,0,1,0,0,1
203,0,30,4A,312,0,0,0,1,0,0,1
204,0,32,3E,316,0,0,0,1,0,0,1
205,0,31,44,320,0,0,0,1,0,0,1
206,0,31,49,324,0,0,0,1,0,0,1
207,0,2F,44,328,0,0,0,1,0,0,1
208,0,2C,4A,332,0,0,0,1,0,0,1
209,0,30,50,336,0,0,0,1,0,0,1
210,0,32,3D,340,0,0,0,1,0,0,1
211,0,2F,44,344,0,0,0,1,0,0,1
212,0,2D,44,348,0,0,0,1,0,0,1
213,0,2F,44,352,0,0,0,1,0,0,1
214,0,30,4A,356,0,0,0,1,0,0,1
215,0,30,3E,360,0,0,0,1,0,0,1
216,0,2D,49,364,0,0,0,1,0,0,1
217,0,24,3E,368,0,0,0,1,0,0,1
218,0,21,36,372,0,0,0,1,0,0,1
219,0,24,36,376,0,0,0,1,0,0,1
220,0,21,36,380,0,0,0,1,0,0,1
221,0,21,36,384,0,0,0,1,0,0,1
222,0,1E,36,388,0,0,0,1,0,0,1
223,0,21,36,392,0,0,0,1,0,0,1
224,0,21,36,396,0,0,0,1,0,0,1
225,0,22,3F,400,0,0,0,1,0,0,1
226,0,21,36,404,0,0,0,1,0,0,1
227,0,21,3F,408,0,0,0,1,0,0,1
228,0,1E,37,412,0,0,0,1,0,0,1
229,0,21,37,416,0,0,0,1,0,0,1
230,0,21,3F,420,0,0,0,1,0,0,1
231,0,20,37,424,0,0,0,1,0,0,1
232,0,21,37,428,0,0,0,1,0,0,1
233,0,1E,36,432,0,0,0,1,0,0,1
234,0,21,30,436,0,0,0,1,0,0,1
235,0,1E,37,440,0,0,0,1,0,0,1
236,0,21,37,444,0,0,0,1,0,0,1
237,0,21,36,448,0,0,0,1,0,0,1
238,0,1E,36,452,0,0,0,1,0,0,1
239,0,24,30,456,0,0,0,1,0,0,1
240,0,1E,3F,460,0,0,0,1,0,0,1
241,0,21,37,464,0,0,0,1,0,0,1
242,0,21,41,468,0,0,0,1,0,0,1
243,0,21,3F,472,0,0,0,1,0,0,1
244,0,21,36,476,0,0,0,1,0,0,1
245,0,24,3F,480,0,0,0,1,0,0,1
246,0,21,3F,484,0,0,0,1,0,0,1
247,0,20,36,488,0,0,0,1,0,0,1
248,0,21,3F,492,0,0,0,1,0,0,1
249,0,21,36,496,0,0,0,1,0,0,1
250,0,24,36,500,0,0,0,1,0,0,1
251,0,24,36,504,0,0,0,1,0,0,1
252,0,24,3F,508,0,0,0,1,0,0,1
253,0,21,3F,512,0,0,0,1,0,0,1
254,0,23,36,516,0,0,0,1,0,0,1
255,0,21,3F,520,0,0,0,1,0,0,1
256,0,23,36,524,0,0,0,1,0,0,1
257,0,23,3F,528,0,0,0,1,0,0,1
258,0,26,3F,532,0,0,0,1,0,0,1
259,0,27,46,536,0,0,0,1,0,0,1
260,0,23,3F,540,0,0,0,1,0,0,1
261,0,27,46,544,0,0,0,1,0,0,1
262,0,27,46,548,0,0,0,1,0,0,1
263,0,23,3E,552,0,0,0,1,0,0,1
264,0,27,3F,556,0,0,0,1,0,0,1
265,0,23,46,560,0,0,0,1,0,0,1
266,0,27,46,564,0,0,0,1,0,0,1
267,0,24,3F,568,0,0,0,1,0,0,1
268,0,23,46,572,0,0,0,1,0,0,1
269,0,27,3F,576,0,0,0,1,0,0,1
270,0,26,3E,580,0,0,0,1,0,0,1
271,0,27,46,584,0,0,0,1,0,0,1
272,0,23,3E,588,0,0,0,1,0,0,1
273,0,27,3F,592,0,0,0,1,0,0,1
274,0,27,3E,596,0,0,0,1,0,0,1
275,0,27,3F,600,0,0,0,1,0,0,1
276,0,2A,46,604,0,0,0,1,0,0,1
277,0,23,4A,608,0,0,0,1,0,0,1
278,0,2A,3E,612,0,0,0,1,0,0,1
279,0,2A,46,616,0,0,0,1,0,0,1
280,0,27,51,620,0,0,0,1,0,0,1
281,0,27,46,624,0,0,0,1,0,0,1
282,0,2A,46,628,0,0,0,1,0,0,1
283,0,27,46,632,0,0,0,1,0,0,1
284,0,2B,3E,636,0,0,0,1,0,0,1
285,0,26,3E,640,0,0,0,1,0,0,1
286,0,2A,46,644,0,0,0,1,0,0,1
287,0,27,46,648,0,0,0,1,0,0,1
288,0,27,3E,652,0,0,0,1,0,0,1
289,0,27,46,656,0,0,0,1,0,0,1
290,0,27,3E,660,0,0,0,1,0,0,1
291,0,26,46,664,0,0,0,1,0,0,1
292,0,26,4A,668,0,0,0,1,0,0,1
293,0,2A,46,672,0,0,0,1,0,0,1
294,0,2B,46,676,0,0,0,1,0,0,1
295,0,2A,3E,680,0,0,0,1,0,0,1
296,0,2A,46,684,0,0,0,1,0,0,1
297,0,26,46,688,0,0,0,1,0,0,1
298,0,2A,46,692,0,0,0,1,0,0,1
299,0,27,46,696,0,0,0,1,0,0,1
300,0,26,3E,700,0,0,0,1,0,0,1
301,0,27,46,704,0,0,0,1,0,0,1
302,0,2A,3E,708,0,0,0,1,0,0,1
303,0,2A,4A,712,0,0,0,1,0,0,1
304,0,26,4A,716,0,0,0,1,0,0,1
305,0,2B,46,720,0,0,0,1,0,0,1
306,0,24,3E,724,0,0,0,1,0,0,1
307,0,23,36,728,0,0,0,1,0,0,1
308,0,21,46,732,0,0,0,1,0,0,1
309,0,27,3F,736,0,0,0,1,0,0,1
310,0,21,46,740,0,0,0,1,0,0,1
311,0,1E,3F,744,0,0,0,1,0,0,1
312,0,21,36,748,0,0,0,1,0,0,1
313,0,1E,36,752,0,0,0,1,0,0,1
314,0,1B,30,756,0,0,0,1,0,0,1
315,0,14,28,760,0,0,0,1,0,0,1
316,0,13,1C,764,0,0,0,1,0,0,1
317,0,18,1C,768,0,0,0,1,0,0,1
318,0,18,1C,772,0,0,0,1,0,0,1
319,0,13,1C,776,0,0,0,1,0,0,1
320,0,14,1C,780,0,0,0,1,0,0,1
321,0,13,1C,784,0,0,0,1,0,0,1
322,0,13,1C,788,0,0,0,1,0,0,1
323,0,14,1C,792,0,0,0,1,0,0,1
324,0,13,0F,796,0,0,0,1,0,0,1
325,0,13,1C,800,0,0,0,1,0,0,1
326,0,14,1C,804,0,0,0,1,0,0,1
327,0,13,0F,808,0,0,0,1,0,0,1
328,0,18,1C,812,0,0,0,1,0,0,1
329,0,18,1C,816,0,0,0,1,0,0,1
330,0,1B,1C,820,0,0,0,1,0,0,1
331,0,18,2A,824,0,0,0,1,0,0,1
332,0,1C,2A,828,0,0,0,1,0,0,1
333,0,1E,1B,832,0,0,0,1,0,0,1
334,0,1B,1B,836,0,0,0,1,0,0,1
335,0,20,28,840,0,0,0,1,0,0,1
336,0,22,30,844,0,0,0,1,0,0,1
337,0,1F,30,848,0,0,0,1,0,0,1
338,0,25,30,852,0,0,0,1,0,0,1
339,0,2A,2F,856,0,0,0,1,0,0,1
340,0,27,36,860,0,0,0,1,0,0,1
341,0,2F,35,864,0,0,0,1,0,0,1
342,0,30,3E,868,0,0,0,1,0,0,1
343,0,3B,3D,872,0,0,0,1,0,0,1
344,0,50,48,876,0,0,0,1,0,0,1
345,0,53,6B,880,0,0,0,1,0,0,1
346,0,54,67,884,0,0,0,1,0,0,1
347,0,58,70,888,0,0,0,1,0,0,1
348,0,5B,80,892,0,0,0,1,0,0,1
349,0,5D,7C,896,0,0,0,1,0,0,1
350,0,61,7C,900,0,0,0,1,0,0,1
351,0,65,83,904,0,0,0,1,0,0,1
352,0,6A,8C,908,0,0,0,1,0,0,1
353,0,6E,8D,912,0,0,0,1,0,0,1
354,0,73,8F,916,0,0,0,1,0,0,1
355,0,75,94,920,0,0,0,1,0,0,1
356,0,79,9C,924,0,0,0,1,0,0,1
357,0,7C,9F,928,0,0,0,1,0,0,1
358,0,80,A2,932,0,0,0,1,0,0,1
359,0,88,A8,936,0,0,0,1,0,0,1
360,0,88,AD,940,0,0,0,1,0,0,1
361,0,8A,AE,944,0,0,0,1,0,0,1
362,0,8C,B3,948,0,0,0,1,0,0,1
363,0,8F,B2,952,0,0,0,1,0,0,1
364,0,95,BC,956,0,0,0,1,0,0,1
365,0,96,BC,960,0,0,0,1,0,0,1
366,0,99,BE,964,0,0,0,1,0,0,1
367,0,97,C6,968,0,0,0,1,0,0,1
368,0,9C,C5,972,0,0,0,1,0,0,1
369,0,A1,C6,976,0,0,0,1,0,0,1
370,0,A3,CF,980,0,0,0,1,0,0,1
371,0,A5,D3,984,0,0,0,1,0,0,1
372,0,A8,D5,988,0,0,0,1,0,0,1
373,0,A8,DB,992,0,0,0,1,0,0,1
374,0,A6,D5,996,0,0,0,1,0,0,1
375,0,AD,D6,1000,0,0,0,1,0,0,1
376,0,AD,DB,1004,0,0,0,1,0,0,1
377,0,AD,EA,1008,0,0,0,1,0,0,1
378,0,B0,DB,1012,0,0,0,1,0,0,1
379,0,B3,DD,1016,0,0,0,1,0,0,1
380,0,B2,DF,1020,0,0,0,1,0,0,1
381,0,B0,DF,1024,0,0,0,1,0,0,1
382,0,B0,E4,1028,0,0,0,1,0,0,1
383,0,B4,DB,1032,0,0,0,1,0,0,1
384,0,B1,E5,1036,0,0,0,1,0,0,1
385,0,B4,DF,1040,0,0,0,1,0,0,1
386,0,B4,E4,1044,0,0,0,1,0,0,1
387,0,B3,E0,1048,0,0,0,1,0,0,1
388,0,AF,E4,1052,0,0,0,1,0,0,1
389,0,AF,E5,1056,0,0,0,1,0,0,1
390,0,AE,E4,1060,0,0,0,1,0,0,1
391,0,AD,DD,1064,0,0,0,1,0,0,1
392,0,A8,D3,1068,0,0,0,1,0,0,1
393,0,A2,D7,1072,0,0,0,1,0,0,1
394,0,9F,CF,1076,0,0,0,1,0,0,1
395,0,96,CB,1080,0,0,0,1,0,0,1
396,0,8C,BE,1084,0,0,0,1,0,0,1
397,0,83,B6,1088,0,0,0,1,0,0,1
398,0,79,AE,1092,0,0,0,1,0,0,1
399,0,74,A1,1096,0,0,0,1,0,0,1
400,0,73,9C,1100,0,0,0,1,0,0,1
401,0,68,A3,1104,0,0,0,1,0,0,1
402,0,62,87,1108,0,0,0,1,0,0,1
403,0,5C,88,1112,0,0,0,1,0,0,1
404,0,60,7F,1116,0,0,0,1,0,0,1
405,0,5C,79,1120,0,0,0,1,0,0,1
406,0,5A,80,1124,0,0,0,1,0,0,1
407,0,55,79,1128,0,0,0,1,0,0,1
408,0,54,72,1132,0,0,0,1,0,0,1
409,0,4B,7B,1136,0,0,0,1,0,0,1
410,0,50,67,1140,0,0,0,1,0,0,1
411,0,4E,68,1144,0,0,0,1,0,0,1
412,0,4F,6B,1148,0,0,0,1,0,0,1
413,0,4D,6B,1152,0,0,0,1,0,0,1
414,0,4D,68,1156,0,0,0,1,0,0,1
415,0,4D,68,1160,0,0,0,1,0,0,1
416,0,4A,68,1164,0,0,0,1,0,0,1
417,0,4A,68,1168,0,0,0,1,0,0,1
418,0,4A,62,1172,0,0,0,1,0,0,1
419,0,4A,6B,1176,0,0,0,1,0,0,1
420,0,48,68,1180,0,0,0,1,0,0,1
421,0,4A,64,1184,0,0,0,1,0,0,1
422,0,4B,62,1188,0,0,0,1,0,0,1
423,0,48,5E,1192,0,0,0,1,0,0,1
424,0,46,68,1196,0,0,0,1,0,0,1
425,0,46,5F,1200,0,0,0,1,0,0,1
426,0,48,5F,1204,0,0,0,1,0,0,1
427,0,48,64,1208,0,0,0,1,0,0,1
428,0,4A,64,1212,0,0,0,1,0,0,1
429,0,48,64,1216,0,0,0,1,0,0,1
430,0,45,64,1220,0,0,0,1,0,0,1
431,0,46,5C,1224,0,0,0,1,0,0,1
432,0,45,5F,1228,0,0,0,1,0,0,1
433,0,45,5F,1232,0,0,0,1,0,0,1
434,0,48,64,1236,0,0,0,1,0,0,1
435,0,45,64,1240,0,0,0,1,0,0,1
436,0,42,5F,1244,0,0,0,1,0,0,1
437,0,46,64,1248,0,0,0,1,0,0,1
438,0,45,5F,1252,0,0,0,1,0,0,1
439,0,45,5F,1256,0,0,0,1,0,0,1
440,0,45,5F,1260,0,0,0,1,0,0,1
441,0,45,5F,1264,0,0,0,1,0,0,1
442,0,43,56,1268,0,0,0,1,0,0,1
443,0,43,60,1272,0,0,0,1,0,0,1
444,0,42,5C,1276,0,0,0,1,0,0,1
445,0,45,60,1280,0,0,0,1,0,0,1
446,0,46,5C,1284,0,0,0,1,0,0,1
447,0,45,5F,1288,0,0,0,1,0,0,1
448,0,43,58,1292,0,0,0,1,0,0,1
449,0,43,60,1296,0,0,0,1,0,0,1
450,0,43,5C,1300,0,0,0,1,0,0,1
451,0,45,58,1304,0,0,0,1,0,0,1
452,0,45,5C,1308,0,0,0,1,0,0,1
453,0,41,64,1312,0,0,0,1,0,0,1
454,0,43,58,1316,0,0,0,1,0,0,1
455,0,45,58,1320,0,0,0,1,0,0,1
456,0,45,5C,1324,0,0,0,1,0,0,1
457,0,43,5C,1328,0,0,0,1,0,0,1
458,0,46,5C,1332,0,0,0,1,0,0,1
459,0,43,5F,1336,0,0,0,1,0,0,1
460,0,43,5C,1340,0,0,0,1,0,0,1
461,0,43,60,1344,0,0,0,1,0,0,1
462,0,43,5C,1348,0,0,0,1,0,0,1
463,0,43,5C,1352,0,0,0,1,0,0,1
464,0,43,58,1356,0,0,0,1,0,0,1
465,0,45,5C,1360,0,0,0,1,0,0,1
466,0,3E,5C,1364,0,0,0,1,0,0,1
467,0,45,58,1368,0,0,0,1,0,0,1
468,0,41,5F,1372,0,0,0,1,0,0,1
469,0,43,58,1376,0,0,0,1,0,0,1
470,0,45,5C,1380,0,0,0,1,0,0,1
471,0,3E,60,1384,0,0,0,1,0,0,1
472,0,41,58,1388,0,0,0,1,0,0,1
473,0,45,5C,1392,0,0,0,1,0,0,1
474,0,43,69,1396,0,0,0,1,0,0,1
475,0,45,5C,1400,0,0,0,1,0,0,1
476,0,43,60,1404,0,0,0,1,0,0,1
477,0,42,58,1408,0,0,0,1,0,0,1
478,0,43,51,1412,0,0,0,1,0,0,1
479,0,41,51,1416,0,0,0,1,0,0,1
480,0,41,5C,1420,0,0,0,1,0,0,1
481,0,3F,5C,1424,0,0,0,1,0,0,1
482,0,41,58,1428,0,0,0,1,0,0,1
483,0,41,60,1432,0,0,0,1,0,0,1
484,0,41,58,1436,0,0,0,1,0,0,1
485,0,41,5C,1440,0,0,0,1,0,0,1
486,0,41,58,1444,0,0,0,1,0,0,1
487,0,3D,58,1448,0,0,0,1,0,0,1
488,0,3D,58,1452,0,0,0,1,0,0,1
489,0,41,5C,1456,0,0,0,1,0,0,1
490,0,41,58,1460,0,0,0,1,0,0,1
491,0,43,5C,1464,0,0,0,1,0,0,1
492,0,43,60,1468,0,0,0,1,0,0,1
493,0,41,60,1472,0,0,0,1,0,0,1
494,0,3D,60,1476,0,0,0,1,0,0,1
495,0,41,60,1480,0,0,0,1,0,0,1
496,0,41,60,1484,0,0,0,1,0,0,1
497,0,41,5C,1488,0,0,0,1,0,0,1
498,0,3E,58,1492,0,0,0,1,0,0,1
499,0,3E,5C,1496,0,0,0,1,0,0,1
500,0,42,51,1500,0,0,0,1,0,0,1
501,0,3D,58,1504,0,0,0,1,0,0,1
502,0,3E,60,1508,0,0,0,1,0,0,1
503,0,41,5D,1512,0,0,0,1,0,0,1
504,0,41,5C,1516,0,0,0,1,0,0,1
505,0,3E,5D,1520,0,0,0,1,0,0,1
506,0,3E,58,1524,0,0,0,1,0,0,1
507,0,3E,5D,1528,0,0,0,1,0,0,1
508,0,3E,5D,1532,0,0,0,1,0,0,1
509,0,3E,5D,1536,0,0,0,1,0,0,1
510,0,3E,58,1540,0,0,0,1,0,0,1
511,0,3D,58,1544,0,0,0,1,0,0,1
512,0,3E,5D,1548,0,0,0,1,0,0,1
513,0,41,52,1552,0,0,0,1,0,0,1
514,0,3D,52,1556,0,0,0,1,0,0,1
515,0,41,5D,1560,0,0,0,1,0,0,1
516,0,3E,5D,1564,0,0,0,1,0,0,1
517,0,3E,58,1568,0,0,0,1,0,0,1
518,0,41,58,1572,0,0,0,1,0,0,1
519,0,3E,5D,1576,0,0,0,1,0,0,1
520,0,3D,52,1580,0,0,0,1,0,0,1
521,0,3E,52,1584,0,0,0,1,0,0,1
522,0,31,52,1588,0,0,0,1,0,0,1
523,0,3D,44,1592,0,0,0,1,0,0,1
524,0,3E,58,1596,0,0,0,1,0,0,1
525,0,3D,5D,1600,0,0,0,1,0,0,1
526,0,3D,52,1604,0,0,0,1,0,0,1
527,0,3E,58,1608,0,0,0,1,0,0,1
528,0,3E,58,1612,0,0,0,1,0,0,1
529,0,3D,52,1616,0,0,0,1,0,0,1
530,0,3E,58,1620,0,0,0,1,0,0,1
531,0,3D,52,1624,0,0,0,1,0,0,1
532,0,3D,52,1628,0,0,0,1,0,0,1
533,0,3E,58,1632,0,0,0,1,0,0,1
534,0,3B,5D,1636,0,0,0,1,0,0,1
535,0,3C,53,1640,0,0,0,1,0,0,1
536,0,3B,53,1644,0,0,0,1,0,0,1
537,0,3D,53,1648,0,0,0,1,0,0,1
538,0,3B,5D,1652,0,0,0,1,0,0,1
539,0,3B,4F,1656,0,0,0,1,0,0,1
540,0,39,53,1660,0,0,0,1,0,0,1
541,0,3D,53,1664,0,0,0,1,0,0,1
542,0,3C,52,1668,0,0,0,1,0,0,1
543,0,3B,52,1672,0,0,0,1,0,0,1
544,0,3B,52,1676,0,0,0,1,0,0,1
545,0,39,58,1680,0,0,0,1,0,0,1
546,0,37,4F,1684,0,0,0,1,0,0,1
547,0,37,53,1688,0,0,0,1,0,0,1
548,0,39,50,1692,0,0,0,1,0,0,1
549,0,39,53,1696,0,0,0,1,0,0,1
550,0,37,50,1700,0,0,0,1,0,0,1
551,0,37,53,1704,0,0,0,1,0,0,1
552,0,37,53,1708,0,0,0,1,0,0,1
553,0,37,50,1712,0,0,0,1,0,0,1
554,0,39,50,1716,0,0,0,1,0,0,1
555,0,39,59,1720,0,0,0,1,0,0,1
556,0,37,48,1724,0,0,0,1,0,0,1
557,0,37,50,1728,0,0,0,1,0,0,1
558,0,38,50,1732,0,0,0,1,0,0,1
559,0,38,50,1736,0,0,0,1,0,0,1
560,0,38,48,1740,0,0,0,1,0,0,1
561,0,37,48,1744,0,0,0,1,0,0,1
562,0,38,50,1748,0,0,0,1,0,0,1
563,0,35,48,1752,0,0,0,1,0,0,1
564,0,37,50,1756,0,0,0,1,0,0,1
565,0,37,53,1760,0,0,0,1,0,0,1
566,0,33,53,1764,0,0,0,1,0,0,1
567,0,37,49,1768,0,0,0,1,0,0,1
568,0,31,50,1772,0,0,0,1,0,0,1
569,0,38,49,1776,0,0,0,1,0,0,1
570,0,33,49,1780,0,0,0,1,0,0,1
571,0,33,50,1784,0,0,0,1,0,0,1
572,0,39,50,1788,0,0,0,1,0,0,1
573,0,37,50,1792,0,0,0,1,0,0,1
574,0,38,50,1796,0,0,0,1,0,0,1
575,0,37,50,1800,0,0,0,1,0,0,1
576,0,37,50,1804,0,0,0,1,0,0,1
577,0,37,48,1808,0,0,0,1,0,0,1
578,0,37,48,1812,0,0,0,1,0,0,1
579,0,39,50,1816,0,0,0,1,0,0,1
580,0,38,50,1820,0,0,0,1,0,0,1
581,0,33,4F,1824,0,0,0,1,0,0,1
582,0,33,48,1828,0,0,0,1,0,0,1
583,0,33,50,1832,0,0,0,1,0,0,1
584,0,37,50,1836,0,0,0,1,0,0,1
585,0,39,4F,1840,0,0,0,1,0,0,1
586,0,38,50,1844,0,0,0,1,0,0,1
587,0,33,50,1848,0,0,0,1,0,0,1
588,0,37,49,1852,0,0,0,1,0,0,1
589,0,33,50,1856,0,0,0,1,0,0,1
590,0,37,48,1860,0,0,0,1,0,0,1
591,0,33,48,1864,0,0,0,1,0,0,1
592,0,37,50,1868,0,0,0,1,0,0,1
593,0,37,50,1872,0,0,0,1,0,0,1
594,0,37,50,1876,0,0,0,1,0,0,1
595,0,37,50,1880,0,0,0,1,0,0,1
596,0,37,50,1884,0,0,0,1,0,0,1
597,0,37,50,1888,0,0,0,1,0,0,1
598,0,37,50,1892,0,0,0,1,0,0,1
599,0,37,50,1896,0,0,0,1,0,0,1
600,0,37,50,1900,0,0,0,1,0,0,1
601,0,37,50,1904,0,0,0,1,0,0,1
602,0,37,50,1908,0,0,0,1,0,0,1
603,0,37,50,1912,0,1,0,1,0,0,1
604,0,37,50,0,1,0,0,0,0,0,1
605,0,37,50,0,1,0,0,0,0,0,1
606,0,37,50,0,1,0,0,0,1,0,1
607,0,37,50,0,1,0,0,0,0,0,0
608,0,37,50,0,1,0,0,0,0,0,0
609,0,37,50,0,1,0,0,0,0,0,0
610,0,37,50,0,1,0,0,0,0,0,0
611,0,37,50,0,1,0,0,0,0,0,0
612,0,37,50,0,1,0,0,0,0,0,0
613,0,37,50,0,1,0,0,0,0,0,0
614,0,37,50,0,1,0,0,0,0,0,0
615,0,37,50,0,1,0,0,0,0,0,0
616,0,37,50,0,1,0,0,0,0,0,0
617,0,37,50,0,1,0,0,0,0,0,0
618,0,37,50,0,1,0,0,0,0,0,0
619,0,37,50,0,1,0,0,0,0,0,0
620,0,37,50,0,1,0,0,0,0,0,0
621,0,37,50,0,1,0,0,0,0,0,0
622,0,37,50,0,1,0,0,0,0,0,0
623,0,37,50,0,1,0,0,0,0,0,0
624,0,37,50,0,1,0,0,0,0,0,0
625,0,37,50,0,1,0,0,0,0,0,0
626,0,37,50,0,1,0,0,0,0,0,0
627,0,37,50,0,1,0,0,0,0,0,0
628,0,37,50,0,1,0,0,0,0,0,0
629,0,37,50,0,1,0,0,0,0,0,0
630,0,37,50,0,1,0,0,0,0,0,0
631,0,37,50,0,1,0,0,0,0,0,0
632,0,37,50,0,1,0,0,0,0,0,0
633,0,37,50,0,1,0,0,0,0,0,0
634,0,37,50,0,1,0,0,0,0,0,0
635,0,37,50,0,1,0,0,0,0,0,0
636,0,37,50,0,1,0,0,0,0,0,0
637,0,37,50,0,1,0,0,0,0,0,0
638,0,37,50,0,1,0,0,0,0,0,0
639,0,37,50,0,1,0,0,0,0,0,0
640,0,37,50,0,1,0,0,0,0,0,0
641,0,37,50,0,1,0,0,0,0,0,0
642,0,37,50,0,1,0,0,0,0,0,0
643,0,37,50,0,1,0,0,0,0,0,0
644,0,37,50,0,1,0,0,0,0,0,0
645,0,37,50,0,1,0,0,0,0,0,0
646,0,37,50,0,1,0,0,0,0,0,0
647,0,37,50,0,1,0,0,0,0,0,0
648,0,37,50,0,1,0,0,0,0,0,0
649,0,37,50,0,1,0,0,0,0,0,0
650,0,37,50,0,1,0,0,0,0,0,0
651,0,37,50,0,1,0,0,0,0,0,0
652,0,37,50,0,1,0,0,0,0,0,0
653,0,37,50,0,1,0,0,0,0,0,0
654,0,37,50,0,1,0,0,0,0,0,0
655,0,37,50,0,1,0,0,0,0,0,0
656,0,37,50,0,1,0,0,0,0,0,0
657,0,37,50,0,1,0,0,0,0,0,0
658,0,37,50,0,1,0,0,0,0,0,0
659,0,37,50,0,1,0,0,0,0,0,0
660,0,37,50,0,1,0,0,0,0,0,0
661,0,37,50,0,1,0,0,0,0,0,0
662,0,37,50,0,1,0,0,0,0,0,0
663,0,37,50,0,1,0,0,0,0,0,0
664,0,37,50,0,1,0,0,0,0,0,0
665,0,37,50,0,1,0,0,0,0,0,0
666,0,37,50,0,1,0,0,0,0,0,0
667,0,37,50,0,1,0,0,0,0,0,0
668,0,37,50,0,1,0,0,0,0,0,0
669,0,37,50,0,1,0,0,0,0,0,0
670,0,37,50,0,1,0,0,0,0,0,0
671,0,37,50,0,1,0,0,0,0,0,0
672,0,37,50,0,1,0,0,0,0,0,0
673,0,37,50,0,1,0,0,0,0,0,0
674,0,37,50,0,1,0,0,0,0,0,0
675,0,37,50,0,1,0,0,0,0,0,0
676,0,37,50,0,1,0,0,0,0,0,0
677,0,37,50,0,1,0,0,0,0,0,0
678,0,37,50,0,1,0,0,0,0,0,0
679,0,37,50,0,1,0,0,0,0,0,0
680,0,37,50,0,1,0,0,0,0,0,0
681,0,37,50,0,1,0,0,0,0,0,0
682,0,37,50,0,1,0,0,0,0,0,0
683,0,37,50,0,1,0,0,0,0,0,0
684,0,37,50,0,1,0,0,0,0,0,0
685,0,37,50,0,1,0,0,0,0,0,0
686,0,37,50,0,1,0,0,0,0,0,0
687,0,37,50,0,1,0,0,0,0,0,0
688,0,37,50,0,1,0,0,0,0,0,0
689,0,37,50,0,1,0,0,0,0,0,0
690,0,37,50,0,1,0,0,0,0,0,0
691,0,37,50,0,1,0,0,0,0,0,0
692,0,37,50,0,1,0,0,0,0,0,0
693,0,37,50,0,1,0,0,0,0,0,0
694,0,37,50,0,1,0,0,0,0,0,0
695,0,37,50,0,1,0,0,0,0,0,0
696,0,37,50,0,1,0,0,0,0,0,0
697,0,37,50,0,1,0,0,0,0,0,0
698,0,37,50,0,1,0,0,0,0,0,0
699,0,37,50,0,1,0,0,0,0,0,0
700,0,37,50,0,1,0,0,0,0,0,0
701,0,37,50,0,1,0,0,0,0,0,0
702,0,37,50,0,1,0,0,0,0,0,0
703,0,37,50,0,1,0,0,0,0,0,0
704,0,37,50,0,1,0,0,0,0,0,0
705,0,37,50,0,1,0,0,0,0,0,0
706,0,37,50,0,1,0,0,0,0,0,0
707,0,37,50,0,1,0,0,0,0,0,0
708,0,37,50,0,1,0,0,0,0,0,0
709,0,37,50,0,1,0,0,0,0,0,0
710,0,37,50,0,1,0,0,0,0,0,0
711,0,37,50,0,1,0,0,0,0,0,0
712,0,37,50,0,1,0,0,0,0,0,0
713,0,37,50,0,1,0,0,0,0,0,0
714,0,37,50,0,1,0,0,0,0,0,0
715,0,37,50,0,1,0,0,0,0,0,0
716,0,37,50,0,1,0,0,0,0,0,0
717,0,37,50,0,1,0,0,0,0,0,0
718,0,37,50,0,1,0,0,0,0,0,0
719,0,37,50,0,1,0,0,0,0,0,0
720,0,37,50,0,1,0,0,0,0,0,0
721,0,37,50,0,1,0,0,0,0,0,0
722,0,37,50,0,1,0,0,0,0,0,0
723,0,37,50,0,1,0,0,0,0,0,0
724,0,37,50,0,1,0,0,0,0,0,0
725,0,37,50,0,1,0,0,0,0,0,0
726,0,37,50,0,1,0,0,0,0,0,0
727,0,37,50,0,1,0,0,0,0,0,0
728,0,37,50,0,1,0,0,0,0,0,0
729,0,37,50,0,1,0,0,0,0,0,0
730,0,37,50,0,1,0,0,0,0,0,0
731,0,37,50,0,1,0,0,0,0,0,0
732,0,37,50,0,1,0,0,0,0,0,0
733,0,37,50,0,1,0,0,0,0,0,0
734,0,37,50,0,1,0,0,0,0,0,0
735,0,37,50,0,1,0,0,0,0,0,0
736,0,37,50,0,1,0,0,0,0,0,0
737,0,37,50,0,1,0,0,0,0,0,0
738,0,37,50,0,1,0,0,0,0,0,0
739,0,37,50,0,1,0,0,0,0,0,0
740,0,37,50,0,1,0,0,0,0,0,0
741,0,37,50,0,1,0,0,0,0,0,0
742,0,37,50,0,1,0,0,0,0,0,0
743,0,37,50,0,1,0,0,0,0,0,0
744,0,37,50,0,1,0,0,0,0,0,0
745,0,37,50,0,1,0,0,0,0,0,0
746,0,37,50,0,1,0,0,0,0,0,0
747,0,37,50,0,1,0,0,0,0,0,0
748,0,37,50,0,1,0,0,0,0,0,0
749,0,37,50,0,1,0,0,0,0,0,0
750,0,37,50,0,1,0,0,0,0,0,0
751,0,37,50,0,1,0,0,0,0,0,0
752,0,37,50,0,1,0,0,0,0,0,0
753,0,37,50,0,1,0,0,0,0,0,0
754,0,37,50,0,1,0,0,0,0,0,0
755,0,37,50,0,1,0,0,0,0,0,0
756,0,37,50,0,1,0,0,0,0,0,0
757,0,37,50,0,1,0,0,0,0,0,0
758,0,37,50,0,1,0,0,0,0,0,0
759,0,37,50,0,1,0,0,0,0,0,0
760,0,37,50,0,1,0,0,0,0,0,0
761,0,37,50,0,1,0,0,0,0,0,0
762,0,37,50,0,1,0,0,0,0,0,0
763,0,37,50,0,1,0,0,0,0,0,0
764,0,37,50,0,1,0,0,0,0,0,0
765,0,37,50,0,1,0,0,0,0,0,0
766,0,37,50,0,1,0,0,0,0,0,0
767,0,37,50,0,1,0,0,0,0,0,0
768,0,37,50,0,1,0,0,0,0,0,0
769,0,37,50,0,1,0,0,0,0,0,0
770,0,37,50,0,1,0,0,0,0,0,0
771,0,37,50,0,1,0,0,0,0,0,0
772,0,37,50,0,1,0,0,0,0,0,0
773,0,37,50,0,1,0,0,0,0,0,0
774,0,37,50,0,1,0,0,0,0,0,0
775,0,37,50,0,1,0,0,0,0,0,0
776,0,37,50,0,1,0,0,0,0,0,0
777,0,37,50,0,1,0,0,0,0,0,0
778,0,37,50,0,1,0,0,0,0,0,0
779,0,37,50,0,1,0,0,0,0,0,0
780,0,37,50,0,1,0,0,0,0,0,0
781,0,37,50,0,1,0,0,0,0,0,0
782,0,37,50,0,1,0,0,0,0,0,0
783,0,37,50,0,1,0,0,0,0,0,0
784,0,37,50,0,1,0,0,0,0,0,0
785,0,37,50,0,1,0,0,0,0,0,0
786,0,37,50,0,1,0,0,0,0,0,0
787,0,37,50,0,1,0,0,0,0,0,0
788,0,37,50,0,1,0,0,0,0,0,0
789,0,37,50,0,1,0,0,0,0,0,0
790,0,37,50,0,1,0,0,0,0,0,0
791,0,37,50,0,1,0,0,0,0,0,0
792,0,37,50,0,1,0,0,0,0,0,0
793,0,37,50,0,1,0,0,0,0,0,0
794,0,37,50,0,1,0,0,0,0,0,0
795,0,37,50,0,1,0,0,0,0,0,0
796,0,37,50,0,1,0,0,0,0,0,0
797,0,37,50,0,1,0,0,0,0,0,0
798,0,37,50,0,1,0,0,0,0,0,0
799,0,37,50,0,1,0,0,0,0,0,0
800,0,37,50,0,1,0,0,0,0,0,0
801,0,37,50,0,1,0,0,0,0,0,0
802,0,37,50,0,1,0,0,0,0,0,0
803,0,37,50,0,1,0,0,0,0,0,0
804,0,37,50,0,1,0,0,0,0,0,0
805,0,37,50,0,1,0,0,0,0,0,0
806,0,37,50,0,1,0,0,0,0,0,0
807,0,37,50,0,1,0,0,0,0,0,0
808,0,37,50,0,1,0,0,0,0,0,0
809,0,37,50,0,1,0,0,0,0,0,0
810,0,37,50,0,1,0,0,0,0,0,0
811,0,37,50,0,1,0,0,0,0,0,0
812,0,37,50,0,1,0,0,0,0,0,0
813,0,37,50,0,1,0,0,0,0,0,0
814,0,37,50,0,1,0,0,0,0,0,0
815,0,37,50,0,1,0,0,0,0,0,0
816,0,37,50,0,1,0,0,0,0,0,0
817,0,37,50,0,1,0,0,0,0,0,0
818,0,37,50,0,1,0,0,0,0,0,0
819,0,37,50,0,1,0,0,0,0,0,0
820,0,37,50,0,1,0,0,0,0,0,0
821,0,37,50,0,1,0,0,0,0,0,0
822,0,37,50,0,1,0,0,0,0,0,0
823,0,37,50,0,1,0,0,0,0,0,0
824,0,37,50,0,1,0,0,0,0,0,0
825,0,37,50,0,1,0,0,0,0,0,0
826,0,37,50,0,1,0,0,0,0,0,0
827,0,37,50,0,1,0,0,0,0,0,0
828,0,37,50,0,1,0,0,0,0,0,0
829,0,37,50,0,1,0,0,0,0,0,0
830,0,37,50,0,1,0,0,0,0,0,0
831,0,37,50,0,1,0,0,0,0,0,0
832,0,37,50,0,1,0,0,0,0,0,0
833,0,37,50,0,1,0,0,0,0,0,0
834,0,37,50,0,1,0,0,0,0,0,0
835,0,37,50,0,1,0,0,0,0,0,0
836,0,37,50,0,1,0,0,0,0,0,0
837,0,37,50,0,1,0,0,0,0,0,0
838,0,37,50,0,1,0,0,0,0,0,0
839,0,37,50,0,1,0,0,0,0,0,0
840,0,37,50,0,1,0,0,0,0,0,0
841,0,37,50,0,1,0,0,0,0,0,0
842,0,37,50,0,1,0,0,0,0,0,0
843,0,37,50,0,1,0,0,0,0,0,0
844,0,37,50,0,1,0,0,0,0,0,0
845,0,37,50,0,1,0,0,0,0,0,0
846,0,37,50,0,1,0,0,0,0,0,0
847,0,37,50,0,1,0,0,0,0,0,0
848,0,37,50,0,1,0,0,0,0,0,0
849,0,37,50,0,1,0,0,0,0,0,0
850,0,37,50,0,1,0,0,0,0,0,0
851,0,37,50,0,1,0,0,0,0,0,0
852,0,37,50,0,1,0,0,0,0,0,0
853,0,37,50,0,1,0,0,0,0,0,0
854,0,37,50,0,1,0,0,0,0,0,0
855,0,37,50,0,1,0,0,0,0,0,0
856,0,37,50,0,1,0,0,0,0,0,0
857,0,37,50,0,1,0,0,0,0,0,0
858,0,37,50,0,1,0,0,0,0,0,0
859,0,37,50,0,1,0,0,0,0,0,0
860,0,37,50,0,1,0,0,0,0,0,0
861,0,37,50,0,1,0,0,0,0,0,0
862,0,37,50,0,1,0,0,0,0,0,0
863,0,37,50,0,1,0,0,0,0,0,0
864,0,37,50,0,1,0,0,0,0,0,0
865,0,37,50,0,1,0,0,0,0,0,0
866,0,37,50,0,1,0,0,0,0,0,0
867,0,37,50,0,1,0,0,0,0,0,0
868,0,37,50,0,1,0,0,0,0,0,0
869,0,37,50,0,1,0,0,0,0,0,0
870,0,37,50,0,1,0,0,0,0,0,0
871,0,37,50,0,1,0,0,0,0,0,0
872,0,37,50,0,1,0,0,0,0,0,0
873,0,37,50,0,1,0,0,0,0,0,0
874,0,37,50,0,1,0,0,0,0,0,0
875,0,37,50,0,1,0,0,0,0,0,0
876,0,37,50,0,1,0,0,0,0,0,0
877,0,37,50,0,1,0,0,0,0,0,0
878,0,37,50,0,1,0,0,0,0,0,0
879,0,37,50,0,1,0,0,0,0,0,0
880,0,37,50,0,1,0,0,0,0,0,0
881,0,37,50,0,1,0,0,0,0,0,0
882,0,37,50,0,1,0,0,0,0,0,0
883,0,37,50,0,1,0,0,0,0,0,0
884,0,37,50,0,1,0,0,0,0,0,0
885,0,37,50,0,1,0,0,0,0,0,0
886,0,37,50,0,1,0,0,0,0,0,0
887,0,37,50,0,1,0,0,0,0,0,0
888,0,37,50,0,1,0,0,0,0,0,0
889,0,37,50,0,1,0,0,0,0,0,0
890,0,37,50,0,1,0,0,0,0,0,0
891,0,37,50,0,1,0,0,0,0,0,0
892,0,37,50,0,1,0,0,0,0,0,0
893,0,37,50,0,1,0,0,0,0,0,0
894,0,37,50,0,1,0,0,0,0,0,0
895,0,37,50,0,1,0,0,0,0,0,0
896,0,37,50,0,1,0,0,0,0,0,0
897,0,37,50,0,1,0,0,0,0,0,0
898,0,37,50,0,1,0,0,0,0,0,0
899,0,37,50,0,1,0,0,0,0,0,0
900,0,37,50,0,1,0,0,0,0,0,0
901,0,37,50,0,1,0,0,0,0,0,0
902,0,37,50,0,1,0,0,0,0,0,0
903,0,37,50,0,1,0,0,0,0,0,0
904,0,37,50,0,1,0,0,0,0,0,0
905,0,37,50,0,1,0,0,0,0,0,0
906,0,37,50,0,1,0,0,0,0,0,0
907,0,37,50,0,1,0,0,0,0,0,0
908,0,37,50,0,1,0,0,0,0,0,0
909,0,37,50,0,1,0,0,0,0,0,0
910,0,37,50,0,1,0,0,0,0,0,0
911,0,37,50,0,1,0,0,0,0,0,0
912,0,37,50,0,1,0,0,0,0,0,0
913,0,37,50,0,1,0,0,0,0,0,0
914,0,37,50,0,1,0,0,0,0,0,0
915,0,37,50,0,1,0,0,0,0,0,0
916,0,37,50,0,1,0,0,0,0,0,0
917,0,37,50,0,1,0,0,0,0,0,0
918,0,37,50,0,1,0,0,0,0,0,0
919,0,37,50,0,1,0,0,0,0,0,0
920,0,37,50,0,1,0,0,0,0,0,0
921,0,37,50,0,1,0,0,0,0,0,0
922,0,37,50,0,1,0,0,0,0,0,0
923,0,37,50,0,1,0,0,0,0,0,0
924,0,37,50,0,1,0,0,0,0,0,0
925,0,37,50,0,1,0,0,0,0,0,0
926,0,37,50,0,1,0,0,0,0,0,0
927,0,37,50,0,1,0,0,0,0,0,0
928,0,37,50,0,1,0,0,0,0,0,0
929,0,37,50,0,1,0,0,0,0,0,0
930,0,37,50,0,1,0,0,0,0,0,0
931,0,37,50,0,1,0,0,0,0,0,0
932,0,37,50,0,1,0,0,0,0,0,0
933,0,37,50,0,1,0,0,0,0,0,0
934,0,37,50,0,1,0,0,0,0,0,0
935,0,37,50,0,1,0,0,0,0,0,0
936,0,37,50,0,1,0,0,0,0,0,0
937,0,37,50,0,1,0,0,0,0,0,0
938,0,37,50,0,1,0,0,0,0,0,0
939,0,37,50,0,1,0,0,0,0,0,0
940,0,37,50,0,1,0,0,0,0,0,0
941,0,37,50,0,1,0,0,0,0,0,0
942,0,37,50,0,1,0,0,0,0,0,0
943,0,37,50,0,1,0,0,0,0,0,0
944,0,37,50,0,1,0,0,0,0,0,0
945,0,37,50,0,1,0,0,0,0,0,0
946,0,37,50,0,1,0,0,0,0,0,0
947,0,37,50,0,1,0,0,0,0,0,0
948,0,37,50,0,1,0,0,0,0,0,0
949,0,37,50,0,1,0,0,0,0,0,0
950,0,37,50,0,1,0,0,0,0,0,0
951,0,37,50,0,1,0,0,0,0,0,0
952,0,37,50,0,1,0,0,0,0,0,0
953,0,37,50,0,1,0,0,0,0,0,0
954,0,37,50,0,1,0,0,0,0,0,0
955,0,37,50,0,1,0,0,0,0,0,0
956,0,37,50,0,1,0,0,0,0,0,0
957,0,37,50,0,1,0,0,0,0,0,0
958,0,37,50,0,1,0,0,0,0,0,0
959,0,37,50,0,1,0,0,0,0,0,0
960,0,37,50,0,1,0,0,0,0,0,0
961,0,37,50,0,1,0,0,0,0,0,0
962,0,37,50,0,1,0,0,0,0,0,0
963,0,37,50,0,1,0,0,0,0,0,0
964,0,37,50,0,1,0,0,0,0,0,0
965,0,37,50,0,1,0,0,0,0,0,0
966,0,37,50,0,1,0,0,0,0,0,0
967,0,37,50,0,1,0,0,0,0,0,0
968,0,37,50,0,1,0,0,0,0,0,0
969,0,37,50,0,1,0,0,0,0,0,0
970,0,37,50,0,1,0,0,0,0,0,0
971,0,37,50,0,1,0,0,0,0,0,0
972,0,37,50,0,1,0,0,0,0,0,0
973,0,37,50,0,1,0,0,0,0,0,0
974,0,37,50,0,1,0,0,0,0,0,0
975,0,37,50,0,1,0,0,0,0,0,0
976,0,37,50,0,1,0,0,0,0,0,0
977,0,37,50,0,1,0,0,0,0,0,0
978,0,37,50,0,1,0,0,0,0,0,0
979,0,37,50,0,1,0,0,0,0,0,0
980,0,37,50,0,1,0,0,0,0,0,0
981,0,37,50,0,1,0,0,0,0,0,0
982,0,37,50,0,1,0,0,0,0,0,0
983,0,37,50,0,1,0,0,0,0,0,0
984,0,37,50,0,1,0,0,0,0,0,0
985,0,37,50,0,1,0,0,0,0,0,0
986,0,37,50,0,1,0,0,0,0,0,0
987,0,37,50,0,1,0,0,0,0,0,0
988,0,37,50,0,1,0,0,0,0,0,0
989,0,37,50,0,1,0,0,0,0,0,0
990,0,37,50,0,1,0,0,0,0,0,0
991,0,37,50,0,1,0,0,0,0,0,0
992,0,37,50,0,1,0,0,0,0,0,0
993,0,37,50,0,1,0,0,0,0,0,0
994,0,37,50,0,1,0,0,0,0,0,0
995,0,37,50,0,1,0,0,0,0,0,0
996,0,37,50,0,1,0,0,0,0,0,0
997,0,37,50,0,1,0,0,0,0,0,0
998,0,37,50,0,1,0,0,0,0,0,0
999,0,37,50,0,1,0,0,0,0,0,0
1000,0,37,50,0,1,0,0,0,0,0,0
1001,0,37,50,0,1,0,0,0,0,0,0
1002,0,37,50,0,1,0,0,0,0,0,0
1003,0,37,50,0,1,0,0,0,0,0,0
1004,0,37,50,0,1,0,0,0,0,0,0
1005,0,37,50,0,1,0,0,0,0,0,0
1006,0,37,50,0,1,0,0,0,0,0,0
1007,0,37,50,0,1,0,0,0,0,0,0
1008,0,37,50,0,1,0,0,0,0,0,0
1009,0,37,50,0,1,0,0,0,0,0,0
1010,0,37,50,0,1,0,0,0,0,0,0
1011,0,37,50,0,1,0,0,0,0,0,0
1012,0,37,50,0,1,0,0,0,0,0,0
1013,0,37,50,0,1,0,0,0,0,0,0
1014,0,37,50,0,1,0,0,0,0,0,0
1015,0,37,50,0,1,0,0,0,0,0,0
1016,0,37,50,0,1,0,0,0,0,0,0
1017,0,37,50,0,1,0,0,0,0,0,0
1018,0,37,50,0,1,0,0,0,0,0,0
1019,0,37,50,0,1,0,0,0,0,0,0
1020,0,37,50,0,1,0,0,0,0,0,0
1021,0,37,50,0,1,0,0,0,0,0,0
1022,0,37,50,0,1,0,0,0,0,0,0
1023,0,37,50,0,1,0,0,0,0,0,0
